Optical Power Monitor;;;;
3.1.3778.562;;;;
Delimiter Used: ; ';';;
;;;;
Start of Measurement ; 10/6/2021 13:55:27;;;
Sample Interval ; 0,2 s;;;
; PM100D 200430215;;;
Type; PM100D;;;
Serialnumber; P0026910;;;
Sensor; S120C;;;
SensorSerialnumber;200430215;;;
Wavelength / Responsivity; 830 nm;;;
;;;;
;;;PM100D 200430215; 
Samples ;Date (MM/dd/yyyy) ;Time of day (hh:mm:ss) ;Power (W);
0; 10/6/2021; 13:55:27.839;9,17E-07;
1; 10/6/2021; 13:55:28.453;9,12E-07;
2; 10/6/2021; 13:55:28.661;9,07E-07;
3; 10/6/2021; 13:55:28.884;9,16E-07;
4; 10/6/2021; 13:55:28.914;9,20E-07;
5; 10/6/2021; 13:55:28.954;9,21E-07;
6; 10/6/2021; 13:55:28.994;9,13E-07;
7; 10/6/2021; 13:55:29.024;9,20E-07;
8; 10/6/2021; 13:55:29.239;9,11E-07;
9; 10/6/2021; 13:55:29.454;9,09E-07;
10; 10/6/2021; 13:55:29.667;9,05E-07;
11; 10/6/2021; 13:55:29.891;9,02E-07;
12; 10/6/2021; 13:55:29.929;9,03E-07;
13; 10/6/2021; 13:55:29.960;9,03E-07;
14; 10/6/2021; 13:55:29.991;9,20E-07;
15; 10/6/2021; 13:55:30.021;9,19E-07;
16; 10/6/2021; 13:55:30.233;9,11E-07;
17; 10/6/2021; 13:55:30.450;9,08E-07;
18; 10/6/2021; 13:55:30.663;8,97E-07;
19; 10/6/2021; 13:55:30.885;8,97E-07;
20; 10/6/2021; 13:55:30.917;9,15E-07;
21; 10/6/2021; 13:55:30.948;9,02E-07;
22; 10/6/2021; 13:55:30.978;9,01E-07;
23; 10/6/2021; 13:55:31.009;9,01E-07;
24; 10/6/2021; 13:55:31.221;9,01E-07;
25; 10/6/2021; 13:55:31.433;9,00E-07;
26; 10/6/2021; 13:55:31.646;8,95E-07;
27; 10/6/2021; 13:55:31.868;8,98E-07;
28; 10/6/2021; 13:55:32.080;8,99E-07;
29; 10/6/2021; 13:55:32.292;8,97E-07;
30; 10/6/2021; 13:55:32.504;8,97E-07;
31; 10/6/2021; 13:55:32.717;9,02E-07;
32; 10/6/2021; 13:55:32.931;8,96E-07;
33; 10/6/2021; 13:55:32.962;8,92E-07;
34; 10/6/2021; 13:55:33.002;8,94E-07;
35; 10/6/2021; 13:55:33.216;9,70E-07;
36; 10/6/2021; 13:55:33.438;1,17E-06;
37; 10/6/2021; 13:55:33.643;1,18E-06;
38; 10/6/2021; 13:55:33.868;1,17E-06;
39; 10/6/2021; 13:55:34.084;1,17E-06;
40; 10/6/2021; 13:55:34.300;1,16E-06;
41; 10/6/2021; 13:55:34.521;1,17E-06;
42; 10/6/2021; 13:55:34.737;1,16E-06;
43; 10/6/2021; 13:55:34.950;1,16E-06;
44; 10/6/2021; 13:55:34.981;1,16E-06;
45; 10/6/2021; 13:55:35.011;1,17E-06;
46; 10/6/2021; 13:55:35.225;1,16E-06;
47; 10/6/2021; 13:55:35.438;1,16E-06;
48; 10/6/2021; 13:55:35.651;1,15E-06;
49; 10/6/2021; 13:55:35.864;1,16E-06;
50; 10/6/2021; 13:55:36.079;1,16E-06;
51; 10/6/2021; 13:55:36.292;1,16E-06;
52; 10/6/2021; 13:55:36.503;1,16E-06;
53; 10/6/2021; 13:55:36.716;1,17E-06;
54; 10/6/2021; 13:55:36.931;1,17E-06;
55; 10/6/2021; 13:55:36.963;1,15E-06;
56; 10/6/2021; 13:55:37.013;1,18E-06;
57; 10/6/2021; 13:55:37.222;1,16E-06;
58; 10/6/2021; 13:55:37.435;1,17E-06;
59; 10/6/2021; 13:55:37.650;1,21E-06;
60; 10/6/2021; 13:55:37.872;1,09E-06;
61; 10/6/2021; 13:55:37.902;9,02E-07;
62; 10/6/2021; 13:55:37.933;9,11E-07;
63; 10/6/2021; 13:55:37.964;9,02E-07;
64; 10/6/2021; 13:55:37.996;9,11E-07;
65; 10/6/2021; 13:55:38.027;9,00E-07;
66; 10/6/2021; 13:55:38.240;9,17E-07;
67; 10/6/2021; 13:55:38.453;9,09E-07;
68; 10/6/2021; 13:55:38.668;9,44E-07;
69; 10/6/2021; 13:55:38.887;1,15E-06;
70; 10/6/2021; 13:55:38.918;1,14E-06;
71; 10/6/2021; 13:55:38.949;1,14E-06;
72; 10/6/2021; 13:55:38.981;1,15E-06;
73; 10/6/2021; 13:55:39.014;1,15E-06;
74; 10/6/2021; 13:55:39.230;1,15E-06;
75; 10/6/2021; 13:55:39.449;1,15E-06;
76; 10/6/2021; 13:55:39.666;1,16E-06;
77; 10/6/2021; 13:55:39.883;1,16E-06;
78; 10/6/2021; 13:55:39.915;1,15E-06;
79; 10/6/2021; 13:55:39.946;1,15E-06;
80; 10/6/2021; 13:55:39.978;1,15E-06;
81; 10/6/2021; 13:55:40.009;8,93E-07;
82; 10/6/2021; 13:55:40.226;9,21E-07;
83; 10/6/2021; 13:55:40.444;9,12E-07;
84; 10/6/2021; 13:55:40.656;9,21E-07;
85; 10/6/2021; 13:55:40.871;9,24E-07;
86; 10/6/2021; 13:55:40.905;9,30E-07;
87; 10/6/2021; 13:55:40.943;9,28E-07;
88; 10/6/2021; 13:55:40.975;9,27E-07;
89; 10/6/2021; 13:55:41.010;9,17E-07;
90; 10/6/2021; 13:55:41.225;9,20E-07;
91; 10/6/2021; 13:55:41.439;9,24E-07;
92; 10/6/2021; 13:55:41.651;9,27E-07;
93; 10/6/2021; 13:55:41.865;9,70E-07;
94; 10/6/2021; 13:55:42.082;1,24E-06;
95; 10/6/2021; 13:55:42.312;1,21E-06;
96; 10/6/2021; 13:55:42.529;1,19E-06;
97; 10/6/2021; 13:55:42.746;1,16E-06;
98; 10/6/2021; 13:55:42.964;1,24E-06;
99; 10/6/2021; 13:55:43.009;1,26E-06;
100; 10/6/2021; 13:55:43.210;1,23E-06;
101; 10/6/2021; 13:55:43.427;1,23E-06;
102; 10/6/2021; 13:55:43.644;1,22E-06;
103; 10/6/2021; 13:55:43.861;1,23E-06;
104; 10/6/2021; 13:55:44.078;1,22E-06;
105; 10/6/2021; 13:55:44.296;1,23E-06;
106; 10/6/2021; 13:55:44.515;1,23E-06;
107; 10/6/2021; 13:55:44.731;1,23E-06;
108; 10/6/2021; 13:55:44.948;1,24E-06;
109; 10/6/2021; 13:55:44.982;1,24E-06;
110; 10/6/2021; 13:55:45.014;1,23E-06;
111; 10/6/2021; 13:55:45.235;1,24E-06;
112; 10/6/2021; 13:55:45.450;1,23E-06;
113; 10/6/2021; 13:55:45.666;1,23E-06;
114; 10/6/2021; 13:55:45.880;1,23E-06;
115; 10/6/2021; 13:55:45.913;1,23E-06;
116; 10/6/2021; 13:55:45.962;1,23E-06;
117; 10/6/2021; 13:55:46.008;1,22E-06;
118; 10/6/2021; 13:55:46.218;1,23E-06;
119; 10/6/2021; 13:55:46.433;1,24E-06;
120; 10/6/2021; 13:55:46.649;1,23E-06;
121; 10/6/2021; 13:55:46.865;1,10E-06;
122; 10/6/2021; 13:55:47.086;1,26E-06;
123; 10/6/2021; 13:55:47.303;1,24E-06;
124; 10/6/2021; 13:55:47.523;1,24E-06;
125; 10/6/2021; 13:55:47.739;1,25E-06;
126; 10/6/2021; 13:55:47.955;1,26E-06;
127; 10/6/2021; 13:55:47.986;1,25E-06;
128; 10/6/2021; 13:55:48.017;1,26E-06;
129; 10/6/2021; 13:55:48.231;1,24E-06;
130; 10/6/2021; 13:55:48.444;1,25E-06;
131; 10/6/2021; 13:55:48.658;1,25E-06;
132; 10/6/2021; 13:55:48.873;1,24E-06;
133; 10/6/2021; 13:55:48.903;1,24E-06;
134; 10/6/2021; 13:55:48.933;1,23E-06;
135; 10/6/2021; 13:55:48.964;1,23E-06;
136; 10/6/2021; 13:55:48.994;1,25E-06;
137; 10/6/2021; 13:55:49.026;1,24E-06;
138; 10/6/2021; 13:55:49.239;1,24E-06;
139; 10/6/2021; 13:55:49.450;1,24E-06;
140; 10/6/2021; 13:55:49.663;1,24E-06;
141; 10/6/2021; 13:55:49.876;1,23E-06;
142; 10/6/2021; 13:55:49.907;1,22E-06;
143; 10/6/2021; 13:55:49.939;1,24E-06;
144; 10/6/2021; 13:55:49.970;1,24E-06;
145; 10/6/2021; 13:55:50.000;1,24E-06;
146; 10/6/2021; 13:55:50.213;1,23E-06;
147; 10/6/2021; 13:55:50.426;1,24E-06;
148; 10/6/2021; 13:55:50.640;1,24E-06;
149; 10/6/2021; 13:55:50.853;1,24E-06;
150; 10/6/2021; 13:55:51.068;1,24E-06;
151; 10/6/2021; 13:55:51.285;1,24E-06;
152; 10/6/2021; 13:55:51.498;1,24E-06;
153; 10/6/2021; 13:55:51.712;1,23E-06;
154; 10/6/2021; 13:55:51.925;1,24E-06;
155; 10/6/2021; 13:55:51.957;1,26E-06;
156; 10/6/2021; 13:55:51.998;1,21E-06;
157; 10/6/2021; 13:55:52.028;1,23E-06;
158; 10/6/2021; 13:55:52.240;1,24E-06;
159; 10/6/2021; 13:55:52.453;1,13E-06;
160; 10/6/2021; 13:55:52.664;1,08E-06;
161; 10/6/2021; 13:55:52.876;1,09E-06;
162; 10/6/2021; 13:55:52.907;1,11E-06;
163; 10/6/2021; 13:55:52.937;1,10E-06;
164; 10/6/2021; 13:55:52.968;1,09E-06;
165; 10/6/2021; 13:55:52.998;1,09E-06;
166; 10/6/2021; 13:55:53.029;1,10E-06;
167; 10/6/2021; 13:55:53.243;1,10E-06;
168; 10/6/2021; 13:55:53.457;1,11E-06;
169; 10/6/2021; 13:55:53.671;1,12E-06;
170; 10/6/2021; 13:55:53.884;1,13E-06;
171; 10/6/2021; 13:55:53.914;1,13E-06;
172; 10/6/2021; 13:55:53.945;1,14E-06;
173; 10/6/2021; 13:55:53.976;1,10E-06;
174; 10/6/2021; 13:55:54.007;1,21E-06;
175; 10/6/2021; 13:55:54.219;1,11E-06;
176; 10/6/2021; 13:55:54.432;1,12E-06;
177; 10/6/2021; 13:55:54.645;1,12E-06;
178; 10/6/2021; 13:55:54.860;1,14E-06;
179; 10/6/2021; 13:55:55.075;1,14E-06;
180; 10/6/2021; 13:55:55.290;1,14E-06;
181; 10/6/2021; 13:55:55.504;1,14E-06;
182; 10/6/2021; 13:55:55.717;1,15E-06;
183; 10/6/2021; 13:55:55.929;1,15E-06;
184; 10/6/2021; 13:55:55.960;1,15E-06;
185; 10/6/2021; 13:55:55.993;1,16E-06;
186; 10/6/2021; 13:55:56.024;1,15E-06;
187; 10/6/2021; 13:55:56.238;1,15E-06;
188; 10/6/2021; 13:55:56.452;1,14E-06;
189; 10/6/2021; 13:55:56.663;1,15E-06;
190; 10/6/2021; 13:55:56.877;1,15E-06;
191; 10/6/2021; 13:55:56.910;1,15E-06;
192; 10/6/2021; 13:55:56.940;1,14E-06;
193; 10/6/2021; 13:55:56.971;1,11E-06;
194; 10/6/2021; 13:55:57.003;1,14E-06;
195; 10/6/2021; 13:55:57.216;1,14E-06;
196; 10/6/2021; 13:55:57.428;1,14E-06;
197; 10/6/2021; 13:55:57.643;1,15E-06;
198; 10/6/2021; 13:55:57.858;1,15E-06;
199; 10/6/2021; 13:55:58.071;1,15E-06;
200; 10/6/2021; 13:55:58.284;1,15E-06;
201; 10/6/2021; 13:55:58.498;1,16E-06;
202; 10/6/2021; 13:55:58.712;1,16E-06;
203; 10/6/2021; 13:55:58.925;1,16E-06;
204; 10/6/2021; 13:55:58.956;1,15E-06;
205; 10/6/2021; 13:55:58.987;1,14E-06;
206; 10/6/2021; 13:55:59.018;1,18E-06;
207; 10/6/2021; 13:55:59.233;1,16E-06;
208; 10/6/2021; 13:55:59.447;1,17E-06;
209; 10/6/2021; 13:55:59.662;1,17E-06;
210; 10/6/2021; 13:55:59.875;1,17E-06;
211; 10/6/2021; 13:55:59.907;1,17E-06;
212; 10/6/2021; 13:55:59.939;1,18E-06;
213; 10/6/2021; 13:55:59.970;1,19E-06;
214; 10/6/2021; 13:56:00.001;1,16E-06;
215; 10/6/2021; 13:56:00.216;1,17E-06;
216; 10/6/2021; 13:56:00.428;1,17E-06;
217; 10/6/2021; 13:56:00.643;1,18E-06;
218; 10/6/2021; 13:56:00.855;1,19E-06;
219; 10/6/2021; 13:56:01.071;1,17E-06;
220; 10/6/2021; 13:56:01.284;1,18E-06;
221; 10/6/2021; 13:56:01.496;1,18E-06;
222; 10/6/2021; 13:56:01.708;1,18E-06;
223; 10/6/2021; 13:56:01.922;1,17E-06;
224; 10/6/2021; 13:56:01.953;1,16E-06;
225; 10/6/2021; 13:56:01.984;1,19E-06;
226; 10/6/2021; 13:56:02.015;1,18E-06;
227; 10/6/2021; 13:56:02.232;1,18E-06;
228; 10/6/2021; 13:56:02.444;1,18E-06;
229; 10/6/2021; 13:56:02.661;1,18E-06;
230; 10/6/2021; 13:56:02.878;1,18E-06;
231; 10/6/2021; 13:56:02.909;1,19E-06;
232; 10/6/2021; 13:56:02.940;1,19E-06;
233; 10/6/2021; 13:56:02.971;1,20E-06;
234; 10/6/2021; 13:56:03.002;1,17E-06;
235; 10/6/2021; 13:56:03.219;1,18E-06;
236; 10/6/2021; 13:56:03.431;1,18E-06;
237; 10/6/2021; 13:56:03.644;1,18E-06;
238; 10/6/2021; 13:56:03.857;1,18E-06;
239; 10/6/2021; 13:56:04.070;1,18E-06;
240; 10/6/2021; 13:56:04.284;1,19E-06;
241; 10/6/2021; 13:56:04.496;1,19E-06;
242; 10/6/2021; 13:56:04.711;1,19E-06;
243; 10/6/2021; 13:56:04.924;1,18E-06;
244; 10/6/2021; 13:56:04.955;1,18E-06;
245; 10/6/2021; 13:56:04.986;1,17E-06;
246; 10/6/2021; 13:56:05.017;1,17E-06;
247; 10/6/2021; 13:56:05.233;1,19E-06;
248; 10/6/2021; 13:56:05.447;1,18E-06;
249; 10/6/2021; 13:56:05.660;1,18E-06;
250; 10/6/2021; 13:56:05.875;1,18E-06;
251; 10/6/2021; 13:56:05.906;1,17E-06;
252; 10/6/2021; 13:56:05.937;1,19E-06;
253; 10/6/2021; 13:56:05.969;1,20E-06;
254; 10/6/2021; 13:56:06.005;1,18E-06;
255; 10/6/2021; 13:56:06.218;1,18E-06;
256; 10/6/2021; 13:56:06.433;1,18E-06;
257; 10/6/2021; 13:56:06.647;1,17E-06;
258; 10/6/2021; 13:56:06.861;1,18E-06;
259; 10/6/2021; 13:56:07.074;1,19E-06;
260; 10/6/2021; 13:56:07.287;1,18E-06;
261; 10/6/2021; 13:56:07.501;1,18E-06;
262; 10/6/2021; 13:56:07.714;1,18E-06;
263; 10/6/2021; 13:56:07.926;1,19E-06;
264; 10/6/2021; 13:56:07.958;1,16E-06;
265; 10/6/2021; 13:56:07.989;1,16E-06;
266; 10/6/2021; 13:56:08.020;1,17E-06;
267; 10/6/2021; 13:56:08.234;1,18E-06;
268; 10/6/2021; 13:56:08.447;1,18E-06;
269; 10/6/2021; 13:56:08.661;1,17E-06;
270; 10/6/2021; 13:56:08.874;1,17E-06;
271; 10/6/2021; 13:56:08.905;1,16E-06;
272; 10/6/2021; 13:56:08.937;1,15E-06;
273; 10/6/2021; 13:56:08.968;1,15E-06;
274; 10/6/2021; 13:56:08.999;1,15E-06;
275; 10/6/2021; 13:56:09.031;1,18E-06;
276; 10/6/2021; 13:56:09.244;1,17E-06;
277; 10/6/2021; 13:56:09.459;1,18E-06;
278; 10/6/2021; 13:56:09.671;1,17E-06;
279; 10/6/2021; 13:56:09.884;1,16E-06;
280; 10/6/2021; 13:56:09.915;1,16E-06;
281; 10/6/2021; 13:56:09.946;1,15E-06;
282; 10/6/2021; 13:56:09.979;1,16E-06;
283; 10/6/2021; 13:56:10.010;1,17E-06;
284; 10/6/2021; 13:56:10.222;1,16E-06;
285; 10/6/2021; 13:56:10.434;1,15E-06;
286; 10/6/2021; 13:56:10.647;1,15E-06;
287; 10/6/2021; 13:56:10.862;1,15E-06;
288; 10/6/2021; 13:56:11.076;1,17E-06;
289; 10/6/2021; 13:56:11.289;1,17E-06;
290; 10/6/2021; 13:56:11.504;1,17E-06;
291; 10/6/2021; 13:56:11.719;1,17E-06;
292; 10/6/2021; 13:56:11.932;1,17E-06;
293; 10/6/2021; 13:56:11.963;1,17E-06;
294; 10/6/2021; 13:56:12.005;1,17E-06;
295; 10/6/2021; 13:56:12.230;1,17E-06;
296; 10/6/2021; 13:56:12.442;1,18E-06;
297; 10/6/2021; 13:56:12.656;1,19E-06;
298; 10/6/2021; 13:56:12.869;1,17E-06;
299; 10/6/2021; 13:56:13.081;1,17E-06;
300; 10/6/2021; 13:56:13.293;1,19E-06;
301; 10/6/2021; 13:56:13.506;1,18E-06;
302; 10/6/2021; 13:56:13.720;1,18E-06;
303; 10/6/2021; 13:56:13.932;1,18E-06;
304; 10/6/2021; 13:56:13.963;1,17E-06;
305; 10/6/2021; 13:56:14.003;1,19E-06;
306; 10/6/2021; 13:56:14.208;1,17E-06;
307; 10/6/2021; 13:56:14.423;1,17E-06;
308; 10/6/2021; 13:56:14.638;1,17E-06;
309; 10/6/2021; 13:56:14.853;1,17E-06;
310; 10/6/2021; 13:56:15.065;1,17E-06;
311; 10/6/2021; 13:56:15.281;1,16E-06;
312; 10/6/2021; 13:56:15.496;1,17E-06;
313; 10/6/2021; 13:56:15.712;1,17E-06;
314; 10/6/2021; 13:56:15.925;1,17E-06;
315; 10/6/2021; 13:56:15.958;1,17E-06;
316; 10/6/2021; 13:56:16.009;1,17E-06;
317; 10/6/2021; 13:56:16.235;1,18E-06;
318; 10/6/2021; 13:56:16.449;1,17E-06;
319; 10/6/2021; 13:56:16.665;1,17E-06;
320; 10/6/2021; 13:56:16.881;1,17E-06;
321; 10/6/2021; 13:56:16.912;1,14E-06;
322; 10/6/2021; 13:56:16.962;1,13E-06;
323; 10/6/2021; 13:56:17.005;1,17E-06;
324; 10/6/2021; 13:56:17.212;1,15E-06;
325; 10/6/2021; 13:56:17.427;1,16E-06;
326; 10/6/2021; 13:56:17.640;1,16E-06;
327; 10/6/2021; 13:56:17.857;1,16E-06;
328; 10/6/2021; 13:56:18.070;1,15E-06;
329; 10/6/2021; 13:56:18.284;1,15E-06;
330; 10/6/2021; 13:56:18.497;1,15E-06;
331; 10/6/2021; 13:56:18.711;1,15E-06;
332; 10/6/2021; 13:56:18.926;1,16E-06;
333; 10/6/2021; 13:56:18.957;1,14E-06;
334; 10/6/2021; 13:56:18.988;1,14E-06;
335; 10/6/2021; 13:56:19.019;1,15E-06;
336; 10/6/2021; 13:56:19.233;1,15E-06;
337; 10/6/2021; 13:56:19.446;1,14E-06;
338; 10/6/2021; 13:56:19.661;1,15E-06;
339; 10/6/2021; 13:56:19.874;1,16E-06;
340; 10/6/2021; 13:56:19.906;1,15E-06;
341; 10/6/2021; 13:56:19.937;1,13E-06;
342; 10/6/2021; 13:56:19.969;1,16E-06;
343; 10/6/2021; 13:56:20.001;1,13E-06;
344; 10/6/2021; 13:56:20.215;1,14E-06;
345; 10/6/2021; 13:56:20.427;1,14E-06;
346; 10/6/2021; 13:56:20.640;1,16E-06;
347; 10/6/2021; 13:56:20.852;1,16E-06;
348; 10/6/2021; 13:56:21.065;1,16E-06;
349; 10/6/2021; 13:56:21.277;1,15E-06;
350; 10/6/2021; 13:56:21.492;1,16E-06;
351; 10/6/2021; 13:56:21.705;1,16E-06;
352; 10/6/2021; 13:56:21.920;1,15E-06;
353; 10/6/2021; 13:56:21.951;1,15E-06;
354; 10/6/2021; 13:56:21.982;1,16E-06;
355; 10/6/2021; 13:56:22.013;1,16E-06;
356; 10/6/2021; 13:56:22.228;1,16E-06;
357; 10/6/2021; 13:56:22.440;1,16E-06;
358; 10/6/2021; 13:56:22.653;1,17E-06;
359; 10/6/2021; 13:56:22.867;1,15E-06;
360; 10/6/2021; 13:56:23.080;1,15E-06;
361; 10/6/2021; 13:56:23.293;1,16E-06;
362; 10/6/2021; 13:56:23.508;1,17E-06;
363; 10/6/2021; 13:56:23.720;1,16E-06;
364; 10/6/2021; 13:56:23.935;1,16E-06;
365; 10/6/2021; 13:56:23.966;1,16E-06;
366; 10/6/2021; 13:56:24.000;1,14E-06;
367; 10/6/2021; 13:56:24.214;1,16E-06;
368; 10/6/2021; 13:56:24.428;1,17E-06;
369; 10/6/2021; 13:56:24.641;1,16E-06;
370; 10/6/2021; 13:56:24.854;1,15E-06;
371; 10/6/2021; 13:56:25.066;1,15E-06;
372; 10/6/2021; 13:56:25.278;1,15E-06;
373; 10/6/2021; 13:56:25.492;1,16E-06;
374; 10/6/2021; 13:56:25.706;1,15E-06;
375; 10/6/2021; 13:56:25.918;1,15E-06;
376; 10/6/2021; 13:56:25.950;1,15E-06;
377; 10/6/2021; 13:56:25.980;1,17E-06;
378; 10/6/2021; 13:56:26.012;1,12E-06;
379; 10/6/2021; 13:56:26.225;1,14E-06;
380; 10/6/2021; 13:56:26.438;1,15E-06;
381; 10/6/2021; 13:56:26.651;1,15E-06;
382; 10/6/2021; 13:56:26.863;1,14E-06;
383; 10/6/2021; 13:56:27.077;1,14E-06;
384; 10/6/2021; 13:56:27.291;1,16E-06;
385; 10/6/2021; 13:56:27.505;1,14E-06;
386; 10/6/2021; 13:56:27.719;1,15E-06;
387; 10/6/2021; 13:56:27.933;1,15E-06;
388; 10/6/2021; 13:56:27.965;1,17E-06;
389; 10/6/2021; 13:56:27.996;1,15E-06;
390; 10/6/2021; 13:56:28.027;1,17E-06;
391; 10/6/2021; 13:56:28.242;1,16E-06;
392; 10/6/2021; 13:56:28.457;1,17E-06;
393; 10/6/2021; 13:56:28.670;1,16E-06;
394; 10/6/2021; 13:56:28.885;1,16E-06;
395; 10/6/2021; 13:56:28.917;1,14E-06;
396; 10/6/2021; 13:56:28.947;1,17E-06;
397; 10/6/2021; 13:56:28.978;1,16E-06;
398; 10/6/2021; 13:56:29.009;1,14E-06;
399; 10/6/2021; 13:56:29.223;1,16E-06;
400; 10/6/2021; 13:56:29.437;1,16E-06;
401; 10/6/2021; 13:56:29.650;1,17E-06;
402; 10/6/2021; 13:56:29.866;1,17E-06;
403; 10/6/2021; 13:56:30.080;1,16E-06;
404; 10/6/2021; 13:56:30.295;1,16E-06;
405; 10/6/2021; 13:56:30.509;1,15E-06;
406; 10/6/2021; 13:56:30.723;1,16E-06;
407; 10/6/2021; 13:56:30.937;1,15E-06;
408; 10/6/2021; 13:56:30.969;1,15E-06;
409; 10/6/2021; 13:56:31.001;1,15E-06;
410; 10/6/2021; 13:56:31.213;1,15E-06;
411; 10/6/2021; 13:56:31.428;1,15E-06;
412; 10/6/2021; 13:56:31.641;1,15E-06;
413; 10/6/2021; 13:56:31.854;1,14E-06;
414; 10/6/2021; 13:56:32.066;1,15E-06;
415; 10/6/2021; 13:56:32.280;1,15E-06;
416; 10/6/2021; 13:56:32.493;1,14E-06;
417; 10/6/2021; 13:56:32.709;1,15E-06;
418; 10/6/2021; 13:56:32.923;1,15E-06;
419; 10/6/2021; 13:56:32.956;1,15E-06;
420; 10/6/2021; 13:56:32.987;1,14E-06;
421; 10/6/2021; 13:56:33.018;1,16E-06;
422; 10/6/2021; 13:56:33.229;1,15E-06;
423; 10/6/2021; 13:56:33.444;1,14E-06;
424; 10/6/2021; 13:56:33.656;1,15E-06;
425; 10/6/2021; 13:56:33.872;1,15E-06;
426; 10/6/2021; 13:56:33.903;1,15E-06;
427; 10/6/2021; 13:56:33.934;1,13E-06;
428; 10/6/2021; 13:56:33.965;1,16E-06;
429; 10/6/2021; 13:56:33.996;1,14E-06;
430; 10/6/2021; 13:56:34.027;1,14E-06;
431; 10/6/2021; 13:56:34.242;1,06E-06;
432; 10/6/2021; 13:56:34.455;9,37E-07;
433; 10/6/2021; 13:56:34.669;9,34E-07;
434; 10/6/2021; 13:56:34.882;9,32E-07;
435; 10/6/2021; 13:56:34.913;9,33E-07;
436; 10/6/2021; 13:56:34.944;9,39E-07;
437; 10/6/2021; 13:56:34.975;9,22E-07;
438; 10/6/2021; 13:56:35.006;9,49E-07;
439; 10/6/2021; 13:56:35.219;9,37E-07;
440; 10/6/2021; 13:56:35.431;9,32E-07;
441; 10/6/2021; 13:56:35.646;9,34E-07;
442; 10/6/2021; 13:56:35.861;9,42E-07;
443; 10/6/2021; 13:56:36.076;9,35E-07;
444; 10/6/2021; 13:56:36.288;9,35E-07;
445; 10/6/2021; 13:56:36.501;9,35E-07;
446; 10/6/2021; 13:56:36.717;9,35E-07;
447; 10/6/2021; 13:56:36.929;9,37E-07;
448; 10/6/2021; 13:56:36.960;9,46E-07;
449; 10/6/2021; 13:56:36.994;9,38E-07;
450; 10/6/2021; 13:56:37.027;9,47E-07;
451; 10/6/2021; 13:56:37.242;9,31E-07;
452; 10/6/2021; 13:56:37.456;1,01E-06;
453; 10/6/2021; 13:56:37.669;1,19E-06;
454; 10/6/2021; 13:56:37.884;1,19E-06;
455; 10/6/2021; 13:56:37.915;1,20E-06;
456; 10/6/2021; 13:56:37.946;1,20E-06;
457; 10/6/2021; 13:56:37.977;1,20E-06;
458; 10/6/2021; 13:56:38.009;1,19E-06;
459; 10/6/2021; 13:56:38.223;1,20E-06;
460; 10/6/2021; 13:56:38.439;1,19E-06;
461; 10/6/2021; 13:56:38.653;1,20E-06;
462; 10/6/2021; 13:56:38.865;1,20E-06;
463; 10/6/2021; 13:56:39.078;1,20E-06;
464; 10/6/2021; 13:56:39.291;1,20E-06;
465; 10/6/2021; 13:56:39.504;1,20E-06;
466; 10/6/2021; 13:56:39.718;1,20E-06;
467; 10/6/2021; 13:56:39.934;1,19E-06;
468; 10/6/2021; 13:56:39.966;1,19E-06;
469; 10/6/2021; 13:56:40.002;1,19E-06;
470; 10/6/2021; 13:56:40.219;1,19E-06;
471; 10/6/2021; 13:56:40.434;1,20E-06;
472; 10/6/2021; 13:56:40.647;1,20E-06;
473; 10/6/2021; 13:56:40.861;1,20E-06;
474; 10/6/2021; 13:56:41.074;1,19E-06;
475; 10/6/2021; 13:56:41.286;1,20E-06;
476; 10/6/2021; 13:56:41.499;1,22E-06;
477; 10/6/2021; 13:56:41.712;1,25E-06;
478; 10/6/2021; 13:56:41.925;1,25E-06;
479; 10/6/2021; 13:56:41.957;1,27E-06;
480; 10/6/2021; 13:56:42.002;1,29E-06;
481; 10/6/2021; 13:56:42.227;1,20E-06;
482; 10/6/2021; 13:56:42.441;1,19E-06;
483; 10/6/2021; 13:56:42.654;1,18E-06;
484; 10/6/2021; 13:56:42.867;1,19E-06;
485; 10/6/2021; 13:56:43.080;1,21E-06;
486; 10/6/2021; 13:56:43.294;1,18E-06;
487; 10/6/2021; 13:56:43.507;1,24E-06;
488; 10/6/2021; 13:56:43.722;1,25E-06;
489; 10/6/2021; 13:56:43.936;1,23E-06;
490; 10/6/2021; 13:56:43.968;1,20E-06;
491; 10/6/2021; 13:56:44.000;1,20E-06;
492; 10/6/2021; 13:56:44.213;1,19E-06;
493; 10/6/2021; 13:56:44.425;1,19E-06;
494; 10/6/2021; 13:56:44.640;1,20E-06;
495; 10/6/2021; 13:56:44.854;1,20E-06;
496; 10/6/2021; 13:56:45.067;9,56E-07;
497; 10/6/2021; 13:56:45.282;9,60E-07;
498; 10/6/2021; 13:56:45.495;9,62E-07;
499; 10/6/2021; 13:56:45.711;1,06E-06;
500; 10/6/2021; 13:56:45.925;1,19E-06;
501; 10/6/2021; 13:56:45.956;1,20E-06;
502; 10/6/2021; 13:56:45.988;1,19E-06;
503; 10/6/2021; 13:56:46.020;1,20E-06;
504; 10/6/2021; 13:56:46.236;1,20E-06;
505; 10/6/2021; 13:56:46.451;1,19E-06;
506; 10/6/2021; 13:56:46.668;1,19E-06;
507; 10/6/2021; 13:56:46.886;1,19E-06;
508; 10/6/2021; 13:56:46.917;1,17E-06;
509; 10/6/2021; 13:56:46.951;1,19E-06;
510; 10/6/2021; 13:56:46.984;1,20E-06;
511; 10/6/2021; 13:56:47.016;1,17E-06;
512; 10/6/2021; 13:56:47.232;1,18E-06;
513; 10/6/2021; 13:56:47.447;1,19E-06;
514; 10/6/2021; 13:56:47.660;1,19E-06;
515; 10/6/2021; 13:56:47.873;0;
516; 10/6/2021; 13:56:47.904;1,20E-06;
517; 10/6/2021; 13:56:47.935;1,20E-06;
518; 10/6/2021; 13:56:47.967;1,22E-06;
519; 10/6/2021; 13:56:48.001;1,23E-06;
520; 10/6/2021; 13:56:48.215;1,21E-06;
521; 10/6/2021; 13:56:48.430;1,22E-06;
522; 10/6/2021; 13:56:48.645;1,22E-06;
523; 10/6/2021; 13:56:48.857;1,22E-06;
524; 10/6/2021; 13:56:49.072;1,22E-06;
525; 10/6/2021; 13:56:49.288;1,22E-06;
526; 10/6/2021; 13:56:49.502;1,23E-06;
527; 10/6/2021; 13:56:49.716;1,23E-06;
528; 10/6/2021; 13:56:49.929;1,23E-06;
529; 10/6/2021; 13:56:49.960;1,24E-06;
530; 10/6/2021; 13:56:49.991;1,24E-06;
531; 10/6/2021; 13:56:50.023;1,23E-06;
532; 10/6/2021; 13:56:50.240;1,23E-06;
533; 10/6/2021; 13:56:50.452;1,21E-06;
534; 10/6/2021; 13:56:50.673;1,22E-06;
535; 10/6/2021; 13:56:50.887;1,23E-06;
536; 10/6/2021; 13:56:50.919;1,22E-06;
537; 10/6/2021; 13:56:50.951;1,22E-06;
538; 10/6/2021; 13:56:50.988;1,22E-06;
539; 10/6/2021; 13:56:51.019;1,21E-06;
540; 10/6/2021; 13:56:51.233;1,21E-06;
541; 10/6/2021; 13:56:51.449;1,21E-06;
542; 10/6/2021; 13:56:51.664;1,22E-06;
543; 10/6/2021; 13:56:51.877;1,22E-06;
544; 10/6/2021; 13:56:51.908;1,22E-06;
545; 10/6/2021; 13:56:51.941;1,22E-06;
546; 10/6/2021; 13:56:51.972;1,22E-06;
547; 10/6/2021; 13:56:52.004;1,22E-06;
548; 10/6/2021; 13:56:52.219;1,22E-06;
549; 10/6/2021; 13:56:52.433;1,22E-06;
550; 10/6/2021; 13:56:52.649;1,22E-06;
551; 10/6/2021; 13:56:52.863;1,23E-06;
552; 10/6/2021; 13:56:53.075;1,22E-06;
553; 10/6/2021; 13:56:53.288;1,22E-06;
554; 10/6/2021; 13:56:53.502;1,21E-06;
555; 10/6/2021; 13:56:53.713;1,21E-06;
556; 10/6/2021; 13:56:53.927;1,23E-06;
557; 10/6/2021; 13:56:53.958;1,22E-06;
558; 10/6/2021; 13:56:53.989;1,24E-06;
559; 10/6/2021; 13:56:54.020;1,25E-06;
560; 10/6/2021; 13:56:54.236;1,22E-06;
561; 10/6/2021; 13:56:54.449;1,22E-06;
562; 10/6/2021; 13:56:54.663;1,24E-06;
563; 10/6/2021; 13:56:54.875;1,23E-06;
564; 10/6/2021; 13:56:54.906;1,23E-06;
565; 10/6/2021; 13:56:54.937;9,99E-07;
566; 10/6/2021; 13:56:54.968;1,01E-06;
567; 10/6/2021; 13:56:54.999;9,88E-07;
568; 10/6/2021; 13:56:55.030;1,00E-06;
569; 10/6/2021; 13:56:55.246;1,15E-06;
570; 10/6/2021; 13:56:55.459;1,18E-06;
571; 10/6/2021; 13:56:55.676;1,19E-06;
572; 10/6/2021; 13:56:55.889;1,18E-06;
573; 10/6/2021; 13:56:55.921;1,20E-06;
574; 10/6/2021; 13:56:55.960;1,18E-06;
575; 10/6/2021; 13:56:56.006;1,19E-06;
576; 10/6/2021; 13:56:56.228;1,20E-06;
577; 10/6/2021; 13:56:56.440;1,20E-06;
578; 10/6/2021; 13:56:56.655;1,20E-06;
579; 10/6/2021; 13:56:56.872;1,22E-06;
580; 10/6/2021; 13:56:56.903;1,21E-06;
581; 10/6/2021; 13:56:56.944;1,22E-06;
582; 10/6/2021; 13:56:56.986;1,21E-06;
583; 10/6/2021; 13:56:57.030;1,21E-06;
584; 10/6/2021; 13:56:57.253;1,20E-06;
585; 10/6/2021; 13:56:57.468;1,22E-06;
586; 10/6/2021; 13:56:57.682;1,22E-06;
587; 10/6/2021; 13:56:57.897;1,22E-06;
588; 10/6/2021; 13:56:57.933;1,23E-06;
589; 10/6/2021; 13:56:57.977;1,21E-06;
590; 10/6/2021; 13:56:58.020;1,26E-06;
591; 10/6/2021; 13:56:58.245;1,24E-06;
592; 10/6/2021; 13:56:58.459;1,24E-06;
593; 10/6/2021; 13:56:58.674;1,24E-06;
594; 10/6/2021; 13:56:58.890;1,24E-06;
595; 10/6/2021; 13:56:58.925;1,24E-06;
596; 10/6/2021; 13:56:58.969;1,23E-06;
597; 10/6/2021; 13:56:59.020;1,25E-06;
598; 10/6/2021; 13:56:59.248;1,24E-06;
599; 10/6/2021; 13:56:59.463;1,23E-06;
600; 10/6/2021; 13:56:59.678;1,25E-06;
601; 10/6/2021; 13:56:59.894;1,24E-06;
602; 10/6/2021; 13:56:59.926;1,24E-06;
603; 10/6/2021; 13:56:59.976;1,23E-06;
604; 10/6/2021; 13:57:00.021;1,25E-06;
605; 10/6/2021; 13:57:00.250;1,20E-06;
606; 10/6/2021; 13:57:00.463;1,13E-06;
607; 10/6/2021; 13:57:00.679;1,14E-06;
608; 10/6/2021; 13:57:00.895;1,15E-06;
609; 10/6/2021; 13:57:00.926;1,14E-06;
610; 10/6/2021; 13:57:00.986;1,16E-06;
611; 10/6/2021; 13:57:01.038;1,15E-06;
612; 10/6/2021; 13:57:01.249;1,14E-06;
613; 10/6/2021; 13:57:01.464;1,16E-06;
614; 10/6/2021; 13:57:01.680;1,15E-06;
615; 10/6/2021; 13:57:01.894;1,15E-06;
616; 10/6/2021; 13:57:01.925;1,16E-06;
617; 10/6/2021; 13:57:01.973;1,15E-06;
618; 10/6/2021; 13:57:02.021;1,16E-06;
619; 10/6/2021; 13:57:02.222;1,15E-06;
620; 10/6/2021; 13:57:02.440;1,15E-06;
621; 10/6/2021; 13:57:02.654;1,16E-06;
622; 10/6/2021; 13:57:02.869;1,16E-06;
623; 10/6/2021; 13:57:03.083;1,16E-06;
624; 10/6/2021; 13:57:03.298;1,18E-06;
625; 10/6/2021; 13:57:03.512;1,16E-06;
626; 10/6/2021; 13:57:03.728;1,16E-06;
627; 10/6/2021; 13:57:03.942;1,17E-06;
628; 10/6/2021; 13:57:03.973;1,18E-06;
629; 10/6/2021; 13:57:04.018;1,16E-06;
630; 10/6/2021; 13:57:04.219;1,17E-06;
631; 10/6/2021; 13:57:04.435;1,19E-06;
632; 10/6/2021; 13:57:04.648;1,18E-06;
633; 10/6/2021; 13:57:04.862;1,17E-06;
634; 10/6/2021; 13:57:05.079;1,17E-06;
635; 10/6/2021; 13:57:05.296;1,18E-06;
636; 10/6/2021; 13:57:05.513;1,18E-06;
637; 10/6/2021; 13:57:05.729;1,18E-06;
638; 10/6/2021; 13:57:05.942;1,18E-06;
639; 10/6/2021; 13:57:05.974;1,19E-06;
640; 10/6/2021; 13:57:06.019;1,18E-06;
641; 10/6/2021; 13:57:06.249;1,19E-06;
642; 10/6/2021; 13:57:06.462;1,19E-06;
643; 10/6/2021; 13:57:06.678;1,20E-06;
644; 10/6/2021; 13:57:06.895;1,20E-06;
645; 10/6/2021; 13:57:06.926;1,21E-06;
646; 10/6/2021; 13:57:06.972;1,21E-06;
647; 10/6/2021; 13:57:07.020;1,20E-06;
648; 10/6/2021; 13:57:07.245;1,19E-06;
649; 10/6/2021; 13:57:07.460;1,20E-06;
650; 10/6/2021; 13:57:07.676;1,18E-06;
651; 10/6/2021; 13:57:07.889;1,18E-06;
652; 10/6/2021; 13:57:07.920;1,18E-06;
653; 10/6/2021; 13:57:07.952;1,19E-06;
654; 10/6/2021; 13:57:07.984;1,20E-06;
655; 10/6/2021; 13:57:08.015;1,20E-06;
656; 10/6/2021; 13:57:08.229;1,18E-06;
657; 10/6/2021; 13:57:08.443;1,16E-06;
658; 10/6/2021; 13:57:08.655;1,15E-06;
659; 10/6/2021; 13:57:08.870;1,15E-06;
660; 10/6/2021; 13:57:08.902;1,15E-06;
661; 10/6/2021; 13:57:08.934;1,16E-06;
662; 10/6/2021; 13:57:08.966;1,15E-06;
663; 10/6/2021; 13:57:08.997;1,15E-06;
664; 10/6/2021; 13:57:09.029;1,14E-06;
665; 10/6/2021; 13:57:09.242;1,16E-06;
666; 10/6/2021; 13:57:09.456;1,15E-06;
667; 10/6/2021; 13:57:09.668;1,15E-06;
668; 10/6/2021; 13:57:09.881;1,15E-06;
669; 10/6/2021; 13:57:09.913;1,15E-06;
670; 10/6/2021; 13:57:09.944;1,15E-06;
671; 10/6/2021; 13:57:09.977;1,16E-06;
672; 10/6/2021; 13:57:10.008;1,14E-06;
673; 10/6/2021; 13:57:10.222;1,15E-06;
674; 10/6/2021; 13:57:10.436;1,15E-06;
675; 10/6/2021; 13:57:10.650;1,17E-06;
676; 10/6/2021; 13:57:10.862;1,16E-06;
677; 10/6/2021; 13:57:11.078;1,16E-06;
678; 10/6/2021; 13:57:11.290;1,16E-06;
679; 10/6/2021; 13:57:11.503;1,16E-06;
680; 10/6/2021; 13:57:11.718;1,17E-06;
681; 10/6/2021; 13:57:11.930;1,16E-06;
682; 10/6/2021; 13:57:11.962;1,15E-06;
683; 10/6/2021; 13:57:11.993;1,14E-06;
684; 10/6/2021; 13:57:12.024;1,14E-06;
685; 10/6/2021; 13:57:12.243;1,17E-06;
686; 10/6/2021; 13:57:12.457;1,16E-06;
687; 10/6/2021; 13:57:12.670;1,16E-06;
688; 10/6/2021; 13:57:12.884;1,15E-06;
689; 10/6/2021; 13:57:12.915;1,14E-06;
690; 10/6/2021; 13:57:12.946;1,14E-06;
691; 10/6/2021; 13:57:12.979;1,16E-06;
692; 10/6/2021; 13:57:13.010;1,17E-06;
693; 10/6/2021; 13:57:13.221;1,16E-06;
694; 10/6/2021; 13:57:13.433;1,16E-06;
695; 10/6/2021; 13:57:13.646;1,14E-06;
696; 10/6/2021; 13:57:13.858;1,14E-06;
697; 10/6/2021; 13:57:14.072;1,15E-06;
698; 10/6/2021; 13:57:14.285;1,15E-06;
699; 10/6/2021; 13:57:14.498;1,15E-06;
700; 10/6/2021; 13:57:14.712;1,15E-06;
701; 10/6/2021; 13:57:14.924;1,15E-06;
702; 10/6/2021; 13:57:14.955;1,15E-06;
703; 10/6/2021; 13:57:14.988;1,14E-06;
704; 10/6/2021; 13:57:15.020;1,15E-06;
705; 10/6/2021; 13:57:15.233;1,14E-06;
706; 10/6/2021; 13:57:15.446;1,15E-06;
707; 10/6/2021; 13:57:15.659;1,15E-06;
708; 10/6/2021; 13:57:15.875;1,16E-06;
709; 10/6/2021; 13:57:15.907;1,15E-06;
710; 10/6/2021; 13:57:15.938;1,13E-06;
711; 10/6/2021; 13:57:15.971;1,16E-06;
712; 10/6/2021; 13:57:16.003;1,14E-06;
713; 10/6/2021; 13:57:16.215;1,15E-06;
714; 10/6/2021; 13:57:16.429;1,15E-06;
715; 10/6/2021; 13:57:16.641;1,16E-06;
716; 10/6/2021; 13:57:16.855;1,16E-06;
717; 10/6/2021; 13:57:17.068;1,16E-06;
718; 10/6/2021; 13:57:17.281;1,16E-06;
719; 10/6/2021; 13:57:17.494;1,17E-06;
720; 10/6/2021; 13:57:17.709;1,15E-06;
721; 10/6/2021; 13:57:17.922;1,15E-06;
722; 10/6/2021; 13:57:17.953;1,14E-06;
723; 10/6/2021; 13:57:17.984;1,17E-06;
724; 10/6/2021; 13:57:18.016;1,15E-06;
725; 10/6/2021; 13:57:18.229;1,17E-06;
726; 10/6/2021; 13:57:18.445;1,17E-06;
727; 10/6/2021; 13:57:18.658;1,15E-06;
728; 10/6/2021; 13:57:18.871;1,16E-06;
729; 10/6/2021; 13:57:18.902;1,16E-06;
730; 10/6/2021; 13:57:18.933;1,17E-06;
731; 10/6/2021; 13:57:18.965;1,17E-06;
732; 10/6/2021; 13:57:18.996;1,16E-06;
733; 10/6/2021; 13:57:19.027;1,17E-06;
734; 10/6/2021; 13:57:19.244;1,15E-06;
735; 10/6/2021; 13:57:19.459;1,15E-06;
736; 10/6/2021; 13:57:19.673;1,17E-06;
737; 10/6/2021; 13:57:19.887;1,16E-06;
738; 10/6/2021; 13:57:19.919;1,15E-06;
739; 10/6/2021; 13:57:19.950;1,16E-06;
740; 10/6/2021; 13:57:19.982;1,17E-06;
741; 10/6/2021; 13:57:20.014;1,17E-06;
742; 10/6/2021; 13:57:20.228;1,15E-06;
743; 10/6/2021; 13:57:20.444;1,15E-06;
744; 10/6/2021; 13:57:20.658;1,16E-06;
745; 10/6/2021; 13:57:20.872;1,15E-06;
746; 10/6/2021; 13:57:20.903;1,14E-06;
747; 10/6/2021; 13:57:20.935;1,13E-06;
748; 10/6/2021; 13:57:20.966;1,16E-06;
749; 10/6/2021; 13:57:20.998;1,14E-06;
750; 10/6/2021; 13:57:21.029;1,16E-06;
751; 10/6/2021; 13:57:21.244;1,16E-06;
752; 10/6/2021; 13:57:21.457;1,19E-06;
753; 10/6/2021; 13:57:21.670;1,18E-06;
754; 10/6/2021; 13:57:21.883;1,17E-06;
755; 10/6/2021; 13:57:21.914;1,15E-06;
756; 10/6/2021; 13:57:21.946;1,15E-06;
757; 10/6/2021; 13:57:21.978;1,15E-06;
758; 10/6/2021; 13:57:22.010;1,14E-06;
759; 10/6/2021; 13:57:22.223;1,16E-06;
760; 10/6/2021; 13:57:22.439;1,16E-06;
761; 10/6/2021; 13:57:22.653;1,16E-06;
762; 10/6/2021; 13:57:22.865;1,17E-06;
763; 10/6/2021; 13:57:23.079;1,17E-06;
764; 10/6/2021; 13:57:23.294;1,16E-06;
765; 10/6/2021; 13:57:23.507;1,16E-06;
766; 10/6/2021; 13:57:23.722;1,16E-06;
767; 10/6/2021; 13:57:23.940;1,17E-06;
768; 10/6/2021; 13:57:23.971;1,18E-06;
769; 10/6/2021; 13:57:24.002;1,19E-06;
770; 10/6/2021; 13:57:24.217;1,16E-06;
771; 10/6/2021; 13:57:24.432;1,16E-06;
772; 10/6/2021; 13:57:24.647;1,16E-06;
773; 10/6/2021; 13:57:24.860;1,17E-06;
774; 10/6/2021; 13:57:25.075;1,17E-06;
775; 10/6/2021; 13:57:25.292;1,16E-06;
776; 10/6/2021; 13:57:25.510;1,15E-06;
777; 10/6/2021; 13:57:25.724;1,16E-06;
778; 10/6/2021; 13:57:25.936;1,16E-06;
779; 10/6/2021; 13:57:25.970;1,15E-06;
780; 10/6/2021; 13:57:26.002;1,15E-06;
781; 10/6/2021; 13:57:26.215;1,16E-06;
782; 10/6/2021; 13:57:26.430;1,16E-06;
783; 10/6/2021; 13:57:26.648;1,16E-06;
784; 10/6/2021; 13:57:26.860;1,16E-06;
785; 10/6/2021; 13:57:27.082;1,15E-06;
786; 10/6/2021; 13:57:27.295;1,16E-06;
787; 10/6/2021; 13:57:27.509;1,14E-06;
788; 10/6/2021; 13:57:27.724;1,14E-06;
789; 10/6/2021; 13:57:27.937;1,14E-06;
790; 10/6/2021; 13:57:27.969;1,15E-06;
791; 10/6/2021; 13:57:28.000;1,14E-06;
792; 10/6/2021; 13:57:28.214;1,15E-06;
793; 10/6/2021; 13:57:28.427;1,14E-06;
794; 10/6/2021; 13:57:28.641;1,14E-06;
795; 10/6/2021; 13:57:28.856;1,14E-06;
796; 10/6/2021; 13:57:29.069;1,14E-06;
797; 10/6/2021; 13:57:29.282;1,14E-06;
798; 10/6/2021; 13:57:29.496;1,15E-06;
799; 10/6/2021; 13:57:29.710;1,14E-06;
800; 10/6/2021; 13:57:29.923;1,14E-06;
801; 10/6/2021; 13:57:29.954;1,15E-06;
802; 10/6/2021; 13:57:29.986;1,16E-06;
803; 10/6/2021; 13:57:30.018;1,14E-06;
804; 10/6/2021; 13:57:30.232;1,15E-06;
805; 10/6/2021; 13:57:30.448;1,14E-06;
806; 10/6/2021; 13:57:30.663;1,14E-06;
807; 10/6/2021; 13:57:30.878;1,15E-06;
808; 10/6/2021; 13:57:30.910;1,14E-06;
809; 10/6/2021; 13:57:30.942;1,14E-06;
810; 10/6/2021; 13:57:30.974;1,14E-06;
811; 10/6/2021; 13:57:31.006;1,15E-06;
812; 10/6/2021; 13:57:31.223;1,14E-06;
813; 10/6/2021; 13:57:31.436;1,14E-06;
814; 10/6/2021; 13:57:31.650;1,14E-06;
815; 10/6/2021; 13:57:31.863;1,14E-06;
816; 10/6/2021; 13:57:32.076;1,14E-06;
817; 10/6/2021; 13:57:32.288;1,14E-06;
818; 10/6/2021; 13:57:32.504;1,14E-06;
819; 10/6/2021; 13:57:32.718;1,14E-06;
820; 10/6/2021; 13:57:32.933;1,17E-06;
821; 10/6/2021; 13:57:32.965;1,16E-06;
822; 10/6/2021; 13:57:32.996;1,16E-06;
823; 10/6/2021; 13:57:33.028;1,16E-06;
824; 10/6/2021; 13:57:33.241;1,15E-06;
825; 10/6/2021; 13:57:33.454;1,16E-06;
826; 10/6/2021; 13:57:33.666;1,16E-06;
827; 10/6/2021; 13:57:33.881;1,17E-06;
828; 10/6/2021; 13:57:33.913;1,16E-06;
829; 10/6/2021; 13:57:33.945;1,16E-06;
830; 10/6/2021; 13:57:33.976;1,17E-06;
831; 10/6/2021; 13:57:34.008;1,16E-06;
832; 10/6/2021; 13:57:34.222;1,16E-06;
833; 10/6/2021; 13:57:34.434;1,17E-06;
834; 10/6/2021; 13:57:34.650;1,15E-06;
835; 10/6/2021; 13:57:34.866;1,19E-06;
836; 10/6/2021; 13:57:35.080;1,26E-06;
837; 10/6/2021; 13:57:35.293;1,27E-06;
838; 10/6/2021; 13:57:35.506;1,26E-06;
839; 10/6/2021; 13:57:35.727;1,27E-06;
840; 10/6/2021; 13:57:35.941;1,26E-06;
841; 10/6/2021; 13:57:35.973;1,25E-06;
842; 10/6/2021; 13:57:36.004;1,24E-06;
843; 10/6/2021; 13:57:36.219;1,25E-06;
844; 10/6/2021; 13:57:36.432;1,25E-06;
845; 10/6/2021; 13:57:36.644;1,25E-06;
846; 10/6/2021; 13:57:36.858;1,25E-06;
847; 10/6/2021; 13:57:37.072;1,25E-06;
848; 10/6/2021; 13:57:37.286;1,26E-06;
849; 10/6/2021; 13:57:37.499;1,26E-06;
850; 10/6/2021; 13:57:37.714;1,24E-06;
851; 10/6/2021; 13:57:37.926;1,24E-06;
852; 10/6/2021; 13:57:37.957;1,24E-06;
853; 10/6/2021; 13:57:37.990;1,25E-06;
854; 10/6/2021; 13:57:38.022;1,25E-06;
855; 10/6/2021; 13:57:38.237;1,25E-06;
856; 10/6/2021; 13:57:38.450;1,24E-06;
857; 10/6/2021; 13:57:38.664;1,25E-06;
858; 10/6/2021; 13:57:38.878;1,27E-06;
859; 10/6/2021; 13:57:38.910;1,28E-06;
860; 10/6/2021; 13:57:38.942;1,30E-06;
861; 10/6/2021; 13:57:38.986;1,26E-06;
862; 10/6/2021; 13:57:39.024;1,27E-06;
863; 10/6/2021; 13:57:39.237;1,28E-06;
864; 10/6/2021; 13:57:39.453;1,28E-06;
865; 10/6/2021; 13:57:39.665;1,27E-06;
866; 10/6/2021; 13:57:39.879;1,28E-06;
867; 10/6/2021; 13:57:39.911;1,28E-06;
868; 10/6/2021; 13:57:39.943;1,28E-06;
869; 10/6/2021; 13:57:39.975;1,28E-06;
870; 10/6/2021; 13:57:40.007;1,28E-06;
871; 10/6/2021; 13:57:40.221;1,28E-06;
872; 10/6/2021; 13:57:40.437;1,28E-06;
873; 10/6/2021; 13:57:40.651;1,25E-06;
874; 10/6/2021; 13:57:40.864;1,17E-06;
875; 10/6/2021; 13:57:41.078;1,18E-06;
876; 10/6/2021; 13:57:41.292;1,18E-06;
877; 10/6/2021; 13:57:41.506;1,17E-06;
878; 10/6/2021; 13:57:41.720;1,17E-06;
879; 10/6/2021; 13:57:41.935;1,18E-06;
880; 10/6/2021; 13:57:41.967;1,19E-06;
881; 10/6/2021; 13:57:41.998;1,19E-06;
882; 10/6/2021; 13:57:42.030;1,18E-06;
883; 10/6/2021; 13:57:42.245;1,18E-06;
884; 10/6/2021; 13:57:42.461;1,18E-06;
885; 10/6/2021; 13:57:42.675;1,17E-06;
886; 10/6/2021; 13:57:42.891;1,18E-06;
887; 10/6/2021; 13:57:42.923;1,17E-06;
888; 10/6/2021; 13:57:42.955;1,18E-06;
889; 10/6/2021; 13:57:42.989;1,18E-06;
890; 10/6/2021; 13:57:43.021;1,18E-06;
891; 10/6/2021; 13:57:43.236;1,17E-06;
892; 10/6/2021; 13:57:43.449;1,20E-06;
893; 10/6/2021; 13:57:43.664;1,22E-06;
894; 10/6/2021; 13:57:43.877;1,17E-06;
895; 10/6/2021; 13:57:43.908;1,16E-06;
896; 10/6/2021; 13:57:43.940;1,17E-06;
897; 10/6/2021; 13:57:43.972;1,16E-06;
898; 10/6/2021; 13:57:44.007;1,15E-06;
899; 10/6/2021; 13:57:44.220;1,16E-06;
900; 10/6/2021; 13:57:44.435;1,17E-06;
901; 10/6/2021; 13:57:44.650;1,13E-06;
902; 10/6/2021; 13:57:44.866;1,30E-06;
903; 10/6/2021; 13:57:45.079;1,29E-06;
904; 10/6/2021; 13:57:45.292;1,26E-06;
905; 10/6/2021; 13:57:45.508;1,19E-06;
906; 10/6/2021; 13:57:45.722;1,19E-06;
907; 10/6/2021; 13:57:45.937;1,19E-06;
908; 10/6/2021; 13:57:45.970;1,20E-06;
909; 10/6/2021; 13:57:46.006;1,18E-06;
910; 10/6/2021; 13:57:46.223;1,18E-06;
911; 10/6/2021; 13:57:46.439;1,18E-06;
912; 10/6/2021; 13:57:46.654;1,18E-06;
913; 10/6/2021; 13:57:46.870;1,18E-06;
914; 10/6/2021; 13:57:46.902;1,18E-06;
915; 10/6/2021; 13:57:46.934;1,16E-06;
916; 10/6/2021; 13:57:46.966;1,19E-06;
917; 10/6/2021; 13:57:46.998;1,17E-06;
918; 10/6/2021; 13:57:47.030;1,16E-06;
919; 10/6/2021; 13:57:47.246;1,18E-06;
920; 10/6/2021; 13:57:47.461;1,18E-06;
921; 10/6/2021; 13:57:47.675;1,17E-06;
922; 10/6/2021; 13:57:47.891;1,17E-06;
923; 10/6/2021; 13:57:47.923;1,17E-06;
924; 10/6/2021; 13:57:47.954;1,16E-06;
925; 10/6/2021; 13:57:47.986;1,15E-06;
926; 10/6/2021; 13:57:48.018;1,16E-06;
927; 10/6/2021; 13:57:48.232;1,17E-06;
928; 10/6/2021; 13:57:48.446;1,16E-06;
929; 10/6/2021; 13:57:48.660;1,17E-06;
930; 10/6/2021; 13:57:48.874;1,16E-06;
931; 10/6/2021; 13:57:48.906;1,14E-06;
932; 10/6/2021; 13:57:48.938;1,13E-06;
933; 10/6/2021; 13:57:48.970;1,16E-06;
934; 10/6/2021; 13:57:49.003;1,16E-06;
935; 10/6/2021; 13:57:49.224;1,17E-06;
936; 10/6/2021; 13:57:49.438;1,16E-06;
937; 10/6/2021; 13:57:49.653;1,16E-06;
938; 10/6/2021; 13:57:49.867;1,16E-06;
939; 10/6/2021; 13:57:50.083;1,17E-06;
940; 10/6/2021; 13:57:50.299;1,16E-06;
941; 10/6/2021; 13:57:50.512;1,16E-06;
942; 10/6/2021; 13:57:50.727;1,16E-06;
943; 10/6/2021; 13:57:50.941;1,16E-06;
944; 10/6/2021; 13:57:50.972;1,17E-06;
945; 10/6/2021; 13:57:51.004;1,17E-06;
946; 10/6/2021; 13:57:51.222;1,17E-06;
947; 10/6/2021; 13:57:51.436;1,17E-06;
948; 10/6/2021; 13:57:51.654;1,17E-06;
949; 10/6/2021; 13:57:51.871;1,18E-06;
950; 10/6/2021; 13:57:51.903;1,16E-06;
951; 10/6/2021; 13:57:51.935;1,15E-06;
952; 10/6/2021; 13:57:51.967;1,17E-06;
953; 10/6/2021; 13:57:51.998;1,17E-06;
954; 10/6/2021; 13:57:52.030;1,16E-06;
955; 10/6/2021; 13:57:52.245;1,19E-06;
956; 10/6/2021; 13:57:52.461;1,22E-06;
957; 10/6/2021; 13:57:52.674;1,22E-06;
958; 10/6/2021; 13:57:52.888;1,23E-06;
959; 10/6/2021; 13:57:52.921;1,24E-06;
960; 10/6/2021; 13:57:52.952;1,24E-06;
961; 10/6/2021; 13:57:52.984;1,23E-06;
962; 10/6/2021; 13:57:53.016;1,24E-06;
963; 10/6/2021; 13:57:53.232;1,24E-06;
964; 10/6/2021; 13:57:53.446;1,23E-06;
965; 10/6/2021; 13:57:53.662;1,23E-06;
966; 10/6/2021; 13:57:53.875;1,20E-06;
967; 10/6/2021; 13:57:53.907;1,18E-06;
968; 10/6/2021; 13:57:53.940;1,18E-06;
969; 10/6/2021; 13:57:53.972;1,18E-06;
970; 10/6/2021; 13:57:54.005;1,17E-06;
971; 10/6/2021; 13:57:54.220;1,18E-06;
972; 10/6/2021; 13:57:54.433;1,18E-06;
973; 10/6/2021; 13:57:54.648;1,17E-06;
974; 10/6/2021; 13:57:54.863;1,18E-06;
975; 10/6/2021; 13:57:55.078;1,17E-06;
976; 10/6/2021; 13:57:55.295;1,18E-06;
977; 10/6/2021; 13:57:55.511;1,18E-06;
978; 10/6/2021; 13:57:55.723;1,17E-06;
979; 10/6/2021; 13:57:55.935;1,17E-06;
980; 10/6/2021; 13:57:55.969;1,19E-06;
981; 10/6/2021; 13:57:56.001;1,17E-06;
982; 10/6/2021; 13:57:56.218;1,18E-06;
983; 10/6/2021; 13:57:56.432;1,18E-06;
984; 10/6/2021; 13:57:56.648;1,19E-06;
985; 10/6/2021; 13:57:56.861;1,19E-06;
986; 10/6/2021; 13:57:57.077;1,19E-06;
987; 10/6/2021; 13:57:57.291;1,18E-06;
988; 10/6/2021; 13:57:57.504;1,19E-06;
989; 10/6/2021; 13:57:57.718;1,19E-06;
990; 10/6/2021; 13:57:57.934;1,19E-06;
991; 10/6/2021; 13:57:57.966;1,18E-06;
992; 10/6/2021; 13:57:57.997;1,18E-06;
993; 10/6/2021; 13:57:58.029;1,17E-06;
994; 10/6/2021; 13:57:58.242;1,19E-06;
995; 10/6/2021; 13:57:58.457;1,20E-06;
996; 10/6/2021; 13:57:58.670;1,18E-06;
997; 10/6/2021; 13:57:58.885;1,19E-06;
998; 10/6/2021; 13:57:58.917;1,18E-06;
999; 10/6/2021; 13:57:58.949;1,18E-06;
1000; 10/6/2021; 13:57:58.981;1,20E-06;
1001; 10/6/2021; 13:57:59.013;1,18E-06;
1002; 10/6/2021; 13:57:59.227;1,18E-06;
1003; 10/6/2021; 13:57:59.442;1,19E-06;
1004; 10/6/2021; 13:57:59.656;1,17E-06;
1005; 10/6/2021; 13:57:59.870;1,23E-06;
1006; 10/6/2021; 13:57:59.902;1,22E-06;
1007; 10/6/2021; 13:57:59.934;1,23E-06;
1008; 10/6/2021; 13:57:59.968;1,23E-06;
1009; 10/6/2021; 13:58:00.002;1,24E-06;
1010; 10/6/2021; 13:58:00.216;1,23E-06;
1011; 10/6/2021; 13:58:00.432;1,25E-06;
1012; 10/6/2021; 13:58:00.645;1,22E-06;
1013; 10/6/2021; 13:58:00.860;1,23E-06;
1014; 10/6/2021; 13:58:01.073;1,24E-06;
1015; 10/6/2021; 13:58:01.288;1,24E-06;
1016; 10/6/2021; 13:58:01.504;1,22E-06;
1017; 10/6/2021; 13:58:01.717;1,22E-06;
1018; 10/6/2021; 13:58:01.931;1,22E-06;
1019; 10/6/2021; 13:58:01.962;1,22E-06;
1020; 10/6/2021; 13:58:01.994;1,22E-06;
1021; 10/6/2021; 13:58:02.026;1,22E-06;
1022; 10/6/2021; 13:58:02.239;1,22E-06;
1023; 10/6/2021; 13:58:02.455;1,24E-06;
1024; 10/6/2021; 13:58:02.673;1,23E-06;
1025; 10/6/2021; 13:58:02.889;1,24E-06;
1026; 10/6/2021; 13:58:02.921;1,22E-06;
1027; 10/6/2021; 13:58:02.953;1,24E-06;
1028; 10/6/2021; 13:58:02.985;1,09E-06;
1029; 10/6/2021; 13:58:03.017;1,24E-06;
1030; 10/6/2021; 13:58:03.231;1,23E-06;
1031; 10/6/2021; 13:58:03.446;1,22E-06;
1032; 10/6/2021; 13:58:03.659;1,23E-06;
1033; 10/6/2021; 13:58:03.872;1,23E-06;
1034; 10/6/2021; 13:58:03.904;1,23E-06;
1035; 10/6/2021; 13:58:03.936;1,23E-06;
1036; 10/6/2021; 13:58:03.968;1,22E-06;
1037; 10/6/2021; 13:58:04.000;1,23E-06;
1038; 10/6/2021; 13:58:04.216;1,23E-06;
1039; 10/6/2021; 13:58:04.429;1,22E-06;
1040; 10/6/2021; 13:58:04.642;1,23E-06;
1041; 10/6/2021; 13:58:04.857;1,22E-06;
1042; 10/6/2021; 13:58:05.072;1,22E-06;
1043; 10/6/2021; 13:58:05.285;1,20E-06;
1044; 10/6/2021; 13:58:05.498;1,19E-06;
1045; 10/6/2021; 13:58:05.713;1,21E-06;
1046; 10/6/2021; 13:58:05.926;1,20E-06;
1047; 10/6/2021; 13:58:05.958;1,22E-06;
1048; 10/6/2021; 13:58:05.990;1,21E-06;
1049; 10/6/2021; 13:58:06.022;1,15E-06;
1050; 10/6/2021; 13:58:06.236;1,17E-06;
1051; 10/6/2021; 13:58:06.449;1,20E-06;
1052; 10/6/2021; 13:58:06.663;1,17E-06;
1053; 10/6/2021; 13:58:06.877;1,17E-06;
1054; 10/6/2021; 13:58:06.908;1,14E-06;
1055; 10/6/2021; 13:58:06.946;1,14E-06;
1056; 10/6/2021; 13:58:06.980;1,15E-06;
1057; 10/6/2021; 13:58:07.012;1,15E-06;
1058; 10/6/2021; 13:58:07.226;1,18E-06;
1059; 10/6/2021; 13:58:07.441;1,16E-06;
1060; 10/6/2021; 13:58:07.655;1,14E-06;
1061; 10/6/2021; 13:58:07.870;1,13E-06;
1062; 10/6/2021; 13:58:07.902;1,13E-06;
1063; 10/6/2021; 13:58:07.935;1,16E-06;
1064; 10/6/2021; 13:58:07.966;1,14E-06;
1065; 10/6/2021; 13:58:07.999;1,13E-06;
1066; 10/6/2021; 13:58:08.031;1,12E-06;
1067; 10/6/2021; 13:58:08.246;1,14E-06;
1068; 10/6/2021; 13:58:08.460;1,14E-06;
1069; 10/6/2021; 13:58:08.673;1,15E-06;
1070; 10/6/2021; 13:58:08.888;1,15E-06;
1071; 10/6/2021; 13:58:08.920;1,13E-06;
1072; 10/6/2021; 13:58:08.951;1,15E-06;
1073; 10/6/2021; 13:58:08.983;1,15E-06;
1074; 10/6/2021; 13:58:09.015;1,16E-06;
1075; 10/6/2021; 13:58:09.232;1,14E-06;
1076; 10/6/2021; 13:58:09.447;1,14E-06;
1077; 10/6/2021; 13:58:09.660;1,15E-06;
1078; 10/6/2021; 13:58:09.874;1,15E-06;
1079; 10/6/2021; 13:58:09.906;1,14E-06;
1080; 10/6/2021; 13:58:09.938;1,14E-06;
1081; 10/6/2021; 13:58:09.969;1,15E-06;
1082; 10/6/2021; 13:58:10.001;1,14E-06;
1083; 10/6/2021; 13:58:10.215;1,15E-06;
1084; 10/6/2021; 13:58:10.429;1,15E-06;
1085; 10/6/2021; 13:58:10.643;1,14E-06;
1086; 10/6/2021; 13:58:10.858;1,14E-06;
1087; 10/6/2021; 13:58:11.070;1,15E-06;
1088; 10/6/2021; 13:58:11.285;1,14E-06;
1089; 10/6/2021; 13:58:11.499;1,15E-06;
1090; 10/6/2021; 13:58:11.715;1,14E-06;
1091; 10/6/2021; 13:58:11.928;1,14E-06;
1092; 10/6/2021; 13:58:11.962;1,16E-06;
1093; 10/6/2021; 13:58:11.993;1,16E-06;
1094; 10/6/2021; 13:58:12.025;1,16E-06;
1095; 10/6/2021; 13:58:12.237;1,14E-06;
1096; 10/6/2021; 13:58:12.457;1,14E-06;
1097; 10/6/2021; 13:58:12.673;1,16E-06;
1098; 10/6/2021; 13:58:12.889;1,14E-06;
1099; 10/6/2021; 13:58:12.921;1,14E-06;
1100; 10/6/2021; 13:58:12.953;1,16E-06;
1101; 10/6/2021; 13:58:12.985;1,15E-06;
1102; 10/6/2021; 13:58:13.016;1,15E-06;
1103; 10/6/2021; 13:58:13.228;1,14E-06;
1104; 10/6/2021; 13:58:13.442;1,14E-06;
1105; 10/6/2021; 13:58:13.656;1,14E-06;
1106; 10/6/2021; 13:58:13.871;1,14E-06;
1107; 10/6/2021; 13:58:13.903;1,14E-06;
1108; 10/6/2021; 13:58:13.935;1,16E-06;
1109; 10/6/2021; 13:58:13.967;1,15E-06;
1110; 10/6/2021; 13:58:14.000;1,16E-06;
1111; 10/6/2021; 13:58:14.221;1,14E-06;
1112; 10/6/2021; 13:58:14.434;1,15E-06;
1113; 10/6/2021; 13:58:14.653;1,14E-06;
1114; 10/6/2021; 13:58:14.869;1,15E-06;
1115; 10/6/2021; 13:58:15.086;1,15E-06;
1116; 10/6/2021; 13:58:15.301;1,16E-06;
1117; 10/6/2021; 13:58:15.515;1,17E-06;
1118; 10/6/2021; 13:58:15.731;1,16E-06;
1119; 10/6/2021; 13:58:15.945;1,16E-06;
1120; 10/6/2021; 13:58:15.977;1,16E-06;
1121; 10/6/2021; 13:58:16.008;1,16E-06;
1122; 10/6/2021; 13:58:16.223;1,17E-06;
1123; 10/6/2021; 13:58:16.437;1,17E-06;
1124; 10/6/2021; 13:58:16.650;1,16E-06;
1125; 10/6/2021; 13:58:16.864;1,17E-06;
1126; 10/6/2021; 13:58:17.080;1,17E-06;
1127; 10/6/2021; 13:58:17.292;1,16E-06;
1128; 10/6/2021; 13:58:17.506;1,17E-06;
1129; 10/6/2021; 13:58:17.720;1,18E-06;
1130; 10/6/2021; 13:58:17.935;1,17E-06;
1131; 10/6/2021; 13:58:17.967;1,18E-06;
1132; 10/6/2021; 13:58:17.999;1,16E-06;
1133; 10/6/2021; 13:58:18.031;1,16E-06;
1134; 10/6/2021; 13:58:18.244;1,16E-06;
1135; 10/6/2021; 13:58:18.458;1,17E-06;
1136; 10/6/2021; 13:58:18.673;1,17E-06;
1137; 10/6/2021; 13:58:18.887;1,17E-06;
1138; 10/6/2021; 13:58:18.919;1,15E-06;
1139; 10/6/2021; 13:58:18.951;1,19E-06;
1140; 10/6/2021; 13:58:18.983;1,20E-06;
1141; 10/6/2021; 13:58:19.016;1,18E-06;
1142; 10/6/2021; 13:58:19.231;1,18E-06;
1143; 10/6/2021; 13:58:19.449;1,17E-06;
1144; 10/6/2021; 13:58:19.663;1,18E-06;
1145; 10/6/2021; 13:58:19.878;1,18E-06;
1146; 10/6/2021; 13:58:19.910;1,16E-06;
1147; 10/6/2021; 13:58:19.949;1,18E-06;
1148; 10/6/2021; 13:58:19.983;1,18E-06;
1149; 10/6/2021; 13:58:20.015;1,17E-06;
1150; 10/6/2021; 13:58:20.229;1,17E-06;
1151; 10/6/2021; 13:58:20.443;1,19E-06;
1152; 10/6/2021; 13:58:20.656;1,18E-06;
1153; 10/6/2021; 13:58:20.869;1,18E-06;
1154; 10/6/2021; 13:58:21.084;1,18E-06;
1155; 10/6/2021; 13:58:21.298;1,18E-06;
1156; 10/6/2021; 13:58:21.511;1,18E-06;
1157; 10/6/2021; 13:58:21.727;1,18E-06;
1158; 10/6/2021; 13:58:21.945;1,18E-06;
1159; 10/6/2021; 13:58:21.977;1,17E-06;
1160; 10/6/2021; 13:58:22.009;1,18E-06;
1161; 10/6/2021; 13:58:22.222;1,17E-06;
1162; 10/6/2021; 13:58:22.443;1,16E-06;
1163; 10/6/2021; 13:58:22.657;1,17E-06;
1164; 10/6/2021; 13:58:22.871;1,16E-06;
1165; 10/6/2021; 13:58:22.903;1,17E-06;
1166; 10/6/2021; 13:58:22.935;1,16E-06;
1167; 10/6/2021; 13:58:22.967;1,16E-06;
1168; 10/6/2021; 13:58:23.000;1,15E-06;
1169; 10/6/2021; 13:58:23.215;1,15E-06;
1170; 10/6/2021; 13:58:23.429;1,15E-06;
1171; 10/6/2021; 13:58:23.644;1,16E-06;
1172; 10/6/2021; 13:58:23.857;1,18E-06;
1173; 10/6/2021; 13:58:24.073;1,18E-06;
1174; 10/6/2021; 13:58:24.287;1,15E-06;
1175; 10/6/2021; 13:58:24.501;1,14E-06;
1176; 10/6/2021; 13:58:24.717;1,14E-06;
1177; 10/6/2021; 13:58:24.934;1,15E-06;
1178; 10/6/2021; 13:58:24.966;1,15E-06;
1179; 10/6/2021; 13:58:25.008;1,17E-06;
1180; 10/6/2021; 13:58:25.238;1,15E-06;
1181; 10/6/2021; 13:58:25.452;1,15E-06;
1182; 10/6/2021; 13:58:25.666;1,16E-06;
1183; 10/6/2021; 13:58:25.881;1,17E-06;
1184; 10/6/2021; 13:58:25.914;1,16E-06;
1185; 10/6/2021; 13:58:25.967;1,16E-06;
1186; 10/6/2021; 13:58:26.011;1,17E-06;
1187; 10/6/2021; 13:58:26.211;1,17E-06;
1188; 10/6/2021; 13:58:26.428;1,15E-06;
1189; 10/6/2021; 13:58:26.645;1,16E-06;
1190; 10/6/2021; 13:58:26.861;1,17E-06;
1191; 10/6/2021; 13:58:27.077;1,16E-06;
1192; 10/6/2021; 13:58:27.292;1,16E-06;
1193; 10/6/2021; 13:58:27.507;1,16E-06;
1194; 10/6/2021; 13:58:27.722;1,16E-06;
1195; 10/6/2021; 13:58:27.937;1,16E-06;
